artificial/lca.mat	lca
artificial/embush.mat	embush
artificial/oso.mat	oso
artificial/D31.mat	D31
artificial/aggregation.mat	aggregation
artificial/atom.mat	atom
artificial/boat.mat	boat
artificial/chainlink.mat	chainlink
artificial/compound.mat	compound
artificial/doughnut_difficult.mat	doughnutDifficult
artificial/doughnut_difficult_noise.mat	doughnutDifficultNoise
artificial/doughnut_easy.mat	doughnutEasy
artificial/doughnut_easy_noise.mat	doughnutEasyNoise
artificial/engytime.mat	engyTime
artificial/face.mat	face
artificial/face320.mat	face320
artificial/flag.mat	flag
artificial/four_gauss.mat	fourGauss
artificial/four_gauss_noise.mat	fourGaussNoise
artificial/gauss_D2_K2.mat	gaussD2K2
artificial/giant.mat	giant
artificial/halfring.mat	halfring
artificial/hepta.mat	hepta
artificial/lines4.mat	lines4
artificial/lsun.mat	lsun
artificial/moon.mat	moon
artificial/noisy_lines.mat	linesNoisy
artificial/ovo.mat	ovo
artificial/ovo2.mat	ovo2
artificial/ovo3.mat	ovo3
artificial/pathbased.mat	pathbased
artificial/petals.mat	petals
artificial/regular.mat	regular
artificial/ring.mat	ring
artificial/rings3.mat	rings3
artificial/saturn.mat	saturn
artificial/spiral.mat	spiral
artificial/spirals3.mat	spirals3
artificial/target.mat	target
artificial/target_clean.mat	targetClean
artificial/tetra.mat	tetra
artificial/twoDiamonds.mat	twoDiamonds
artificial/wave.mat	wave
artificial/wingNut.mat	wingNut
real/UCI/breast_cancer.mat	breastCancerWisconsin
real/UCI/ecoli.mat	ecoli
real/UCI/fertility.mat	fertility
real/UCI/glass.mat	glass
real/UCI/ionosphere.mat	ionosphere
real/UCI/iris.mat	iris
real/UCI/letter_recognition.mat	letterRecognition
real/UCI/letter_recognition_ABC.mat	letterRecognitionABC
real/UCI/segmentation_test.mat	segmentationTest
real/UCI/segmentation_train.mat	segmentationTrain
real/UCI/wine.mat	wine
real/UCI/winequality_red.mat	wineQualityRed
real/UCI/winequality_red_3.mat	wineQualityRed3
real/UCI/winequality_white.mat	wineQualityWhite
real/UCI/winequality_white_3.mat	wineQualityWhite3
real/UCI/yeast.mat	yeast
real/gene/Bladder carcinoma_Dyrskjot-2003.mat	bladderCarcinoma
real/gene/Breast Cancer_West-2001.mat	breastCancerWest
real/gene/Breast-Colon tumors_Chowdary-2006.mat	breastColonTumors
real/gene/Carcinomas_Su-2001.mat	carcinomas
real/gene/Central nervous system-1_Pomeroy-2002-v1.mat	centralNervousSystem1
real/gene/Central nervous system-2_Pomeroy-2002-v2.mat	centralNervousSystem2
real/gene/Endometrial cancer_Risinger-2003.mat	endometrialCancer
real/gene/Glioblastoma multiforme_Liang-2005.mat	glioblastomaMultiforme
real/gene/Gliomagenesis_Bredel-2005.mat	gliomagenesis
real/gene/Gliomas-1_Nutt-2003-v1.mat	gliomas1
real/gene/Gliomas-2_Nutt-2003-v2.mat	gliomas2
real/gene/Gliomas-3_Nutt-2003-v3.mat	gliomas3
real/gene/Hepatocellular carcinoma_Chen-2002.mat	hepatocellularCarcinoma
real/gene/Leukemia-1_Yeoh-2002-v1.mat	leukemia1
real/gene/Leukemia-2_Yeoh-2002-v2.mat	leukemia2
real/gene/Leukemia-3_Armstrong-2002-v1.mat	leukemia3
real/gene/Leukemia-4_Armstrong-2002-v2.mat	leukemia4
real/gene/Leukemia-5_Golub-1999-v1.mat	leukemia5
real/gene/Leukemia-6_Golub-1999-v2.mat	leukemia6
real/gene/Lung tumor-1_Bhattacharjee-2001.mat	lungTumor1
real/gene/Lung tumors-2_Garber-2001.mat	lungTumor2
real/gene/Lymphoma-1_Alizadeh-2000-v1.mat	lymphoma1
real/gene/Lymphoma-2_Alizadeh-2000-v2.mat	lymphoma2
real/gene/Lymphoma-3_Shipp-2002-v1.mat	lymphoma3
real/gene/Melanoma_Bittner-2000.mat	melanoma
real/gene/Mesothelioma_Gordon-2002.mat	mesothelioma
real/gene/Multi-tissue_Ramaswamy-2001.mat	multitissue
real/gene/Prostate cancer-1_Tomlins-2006-v1.mat	prostateCancer1
real/gene/Prostate cancer-2_Tomlins-2006-v2.mat	prostateCancer2
real/gene/Prostate cancer-3_Lapointe-2004-v1.mat	prostateCancer3
real/gene/Prostate cancer-4_Lapointe-2004-v2.mat	prostateCancer4
real/gene/Prostate cancer-5_Singh-2002.mat	prostateCancer5
real/gene/Round blue-cell tumor_Khan-2001.mat	roundBluecellTumor
real/gene/Serrated carcinomas_Laiho-2007.mat	serratedCarcinomas
real/medical/contractions.mat	contractions
real/medical/laryngeal1.mat	laryngeal1
real/medical/laryngeal2.mat	laryngeal2
real/medical/laryngeal3.mat	laryngeal3
real/medical/respiratory.mat	respiratory
real/medical/voice_3.mat	voice_3
real/medical/voice_9.mat	voice_9
real/medical/weaning.mat	weaning